{"cameraMode":{"drawMode":0,"name":"Shaded","section":"Shading Mode"},"sceneLighting":true,"audioPlay":false,"sceneViewState":{"m_AlwaysRefresh":false,"showFog":true,"showSkybox":true,"showFlares":true,"showImageEffects":true,"showParticleSystems":true,"showVisualEffectGraphs":true,"m_FxEnabled":true},"in2DMode":false,"pivot":{"x":-67.77691650390625,"y":-1.9159070253372193,"z":3.1238596439361574},"rotation":{"x":-0.1731080412864685,"y":-0.10032367706298828,"z":0.017716236412525178,"w":-0.9796447157859802},"size":3.9574062824249269,"orthographic":false}